g,Date,Entity,Action Taken,Legal Mechanism,Source URL
"--- CASE 1: Van Zandt County BESS Moratorium — Belltown Power / Taaleri Energia / Amador Energy Storage Project, Van Zandt County, TX ---",,,,,
Van Zandt County,2024 (exact date unknown),Taaleri Energia / Belltown Power,"Announced Amador Energy Storage Project (100MW/200MWh BESS) approximately 11 miles southwest of Canton, Van Zandt County, TX",N/A — project announcement,https://www.amadorenergystorage.com/q-and-a
Van Zandt County,2024-10-31,Taaleri Energia / BESS developers,Presented Amador BESS project to Van Zandt County Commissioners Court at workshop meeting,Commissioner's Court presentation,https://www.facebook.com/groups/1614967776335942/posts/1704526727380046/
Van Zandt County,2024-12-10,"Ronald Lane, Nancy White, and 18 other Van Zandt County residents","Filed lawsuit (Cause No. 24-00204) seeking damages, temporary and permanent injunction against BT Amador Storage LLC, Maria Amador, Jose Valedelmar Amador, RES Group LLC, Belltown Power Texas Land 2 LLC, and CSC Trust Company of Delaware","Petition for Damages, Temporary and Permanent Injunction and Jury Demand — 294th Judicial District Court, Van Zandt County",https://fredericksburgteaparty.org/wp-content/uploads/2025/02/Press-Release-Van-Zandt-County-Legal-Action.pdf
Van Zandt County,2025-02-20,Van Zandt County residents (100+ in attendance),Public meeting held where residents voiced safety concerns including risk of fire and environmental damage from lithium battery explosion,Public meeting,https://tylerpaper.com/2025/03/04/van-zandt-county-residents-oppose-battery-storage-project/
Van Zandt County,2025-03-21,Van Zandt County Fire Marshal (Kevin Palmer),"Issued order to Taaleri Energia to conform to all applicable NFPA standards per Texas Local Government Code Chapter 233 and NFPA 855 (2020 ed). Required: permit application, UL container test results, site survey, hazard mitigation plan, emergency response plan, permanent water source documentation. Compliance deadline: April 7, 2025",Texas Local Government Code Chapter 233; NFPA 855 (2020 ed),https://newtools.cira.state.tx.us/upload/page/2685/2025/Press%20Release%20VZC%20Order%20by%20Fire%20marshall%2003212025.pdf
Van Zandt County,2025-04-09,Van Zandt County District Attorney (Tonda Curry) / 294th District Court Judge Chris Martin,"DA presented ex parte petition for Temporary Restraining Order. Judge Martin signed TRO (Cause No. 25-00067) against Taaleri Energia North America LLC, BT Amador Storage LLC, Amador BESS Holdings Inc., Renewable Energy Systems Americas Inc., and Belltown Texas Power 2 LLC. TRO in place for 14 days, prohibiting batteries from entering the county until NFPA compliance achieved","Temporary Restraining Order — 294th Judicial District Court, Van Zandt County; Texas Health & Safety Code",https://newtools.cira.state.tx.us/upload/page/2685/2025/VZC%20Press%20Release%2004092025.pdf
Van Zandt County,2025-06-21,294th District Court,"Court hearing scheduled for July 24, 2025 to determine whether TRO will be extended or batteries allowed in",Temporary Restraining Order extension proceeding,https://www.kltv.com/2025/06/21/van-zandt-county-sets-court-date-determine-future-restraining-order-against-battery-facility/
Van Zandt County,2025-09-05,"Van Zandt County officials (Fire Marshal Kevin Palmer, DA Tonda Curry, Commissioner Cliff Williams)",Confirmed TRO still in effect. No compliant safety test results received from developer. Groundwork continues but no batteries permitted in county,Ongoing TRO enforcement,https://www.kltv.com/2025/09/05/van-zandt-county-officials-discuss-current-state-battery-storage-facility-being-built/
Van Zandt County,2026-02-11,Van Zandt County Commissioners Court,"Unanimously adopted temporary moratorium freezing all proposed green energy developments (solar farms, wind installations, BESS) in unincorporated areas. Passed after hours of public testimony","Texas Health & Safety Code §121.003 (county police powers for health, safety, and welfare)",https://www.vanzandtcounty.org/upload/page/2685/2026/Van%20Zandt%20County%20Green%20Energy%20Moratorium%2002112026%20Full.pdf
CASE 1: Amador Energy Storage / Van Zandt County,PRE-REG DIMENSIONS,ERCOT / Site,"ERCOT queue ID: ERCOT-24INR0472. Queue request date: 2022-11-23. Tech: 100 MW / 200 MWh BESS. Site: ~11 mi SW of Canton, Van Zandt County. Receptor distance: ~1,056 ft to nearest residence (developer-asserted, cited in resident lawsuit coverage; not independently surveyed).",ERCOT GIS interconnection queue; Van Zandt County litigation Cause No. 24-00204,https://www.interconnection.fyi/project/ercot-24inr0472 ; https://www.energy-storage.news/residents-in-texas-county-file-lawsuit-against-developers-over-proposed-100mw-bess-project/
CASE 2: Rogers Draw Energy Storage / Gillespie County (Harper),PRE-REG DIMENSIONS,ERCOT / Site,"ERCOT queue ID: ERCOT-24INR0514. Queue request date: 2023-01-03. Tech: 145 MW BESS. Site: Harper, Gillespie County. Receptor distance: ~1,700 ft to Harper ISD.","ERCOT GIS interconnection queue; Gillespie County resolution Feb 24, 2025",https://www.interconnection.fyi/project/ercot-24inr0514 ; https://www.energy-storage.news/texas-county-passes-resolution-opposing-bess-house-of-representatives-considers-regulations/
CASE 3: Ochoa Energy Storage / City of Katy,PRE-REG DIMENSIONS,ERCOT / Site,"ERCOT queue IDs: Ochoa I = ERCOT-26INR0114 (~250 MW, queued April 2023, month-precision only); Ochoa II = ERCOT-27INR0235 (~500 MW, queued April 2024, month-precision only). Combined ~750 MW position. Site: 27051 Highway Blvd, Katy (~24 acres). Receptor distance: NOT FOUND in public sources — Katy HS, Katy ISD Outdoor Learning Center, and Falcon Point Apartments are named as nearby in council/SOAH filings but no measured distance has been published. Backfill candidate: GIS measurement from site address.",ERCOT GIS interconnection queue; Vesper SOAH appeal Docket 58859 / 473-26-07508,https://www.energy-storage.news/texas-citys-council-rejects-developer-vesper-energys-500mw-battery-storage-proposal/
CASE 4: Marshall Springs Solar+BESS / Gillespie County (Willow City),PRE-REG DIMENSIONS,ERCOT / Site,"ERCOT queue IDs: solar = ERCOT-25INR0353; storage = ERCOT-25INR0354. Original queue request date: 2023-02-20 per interconnection.fyi (note: '25INR' prefix vs. 2023 date implies a re-ID from a prior queue position; verify against ERCOT GIS Excel before citing externally). Tech: 150 MW solar + 150 MW BESS on ~1,100 acres. Receptor distance: NOT FOUND as a measured value — site is described as 'bordering residential neighborhoods, family ranches, and local wineries' in Gillespie County resolution and Rep. Roy correspondence, but no distance figure published.","ERCOT GIS interconnection queue; Gillespie County resolution Nov 3, 2025",https://www.interconnection.fyi/project/ercot-25inr0353
CASE 7: Great Kiskadee Storage / Hidalgo County,PRE-REG DIMENSIONS,ERCOT / Site,"ERCOT queue ID: ERCOT-23INR0166 (already on file). Queue request date: 2021-01-25 per interconnection.fyi (note: '23INR' prefix vs. 2021 date implies re-ID from prior queue position; verify against ERCOT GIS). Tech: 100 MW / 200 MWh BESS, 2-hr duration, original queue request 103.05 MW. Receptor distance: n/a (clean build, no opposition; not a load-bearing dimension for this case).",ERCOT GIS interconnection queue,https://www.interconnection.fyi/project/ercot-23inr0166
CASE 11: Apache Hill BESS / Hood County (Granbury),PRE-REG DIMENSIONS,ERCOT / Site,"ERCOT queue ID: ERCOT-25INR0231. Queue request date: 2022-11-07. Tech: 200 MW / 400 MWh BESS at 2625 Mambrino Highway, Granbury. Receptor distances (already on file): ~0.2 mi to Rainbow's Promise childcare; ~1.2 mi to Mambrino Elementary; ~1 mi to Mambrino Baptist Church. Adjacent to 2.4 GW Comanche Peak nuclear plant.",ERCOT GIS interconnection queue,https://www.interconnection.fyi/project/ercot-25inr0231
CASE 3: Ochoa Energy Storage / City of Katy,PRE-REG DIMENSIONS UPDATE,Site / receptor measurements,"Receptor distances (approximate, straight-line from coordinate geocoding): site (SW corner US-90 / Cane Island Pkwy, ~29.7905°N, 95.8485°W) to (a) Katy High School at 6331 Highway Blvd: ~1.2 mi (corroborated in council coverage); (b) Katy ISD Outdoor Learning Center at 6301 S Stadium Ln: ~1.0 mi; (c) Falcon Point Apartments at 708 Alabama St: ~2.2 mi. Site description correction: 27051 Highway Blvd is between Cane Island Pkwy and FM 1463, SW corner of Hwy 90 & Cane Island Pkwy (per Katy Times). Distances are approximate; verify in Google Maps before external citation.",Coordinate geocoding from named addresses; Katy Times site description,"https://katytimes.com/stories/vesper-energy-provides-additional-information-on-proposed-battery-storage-project,89614 ; https://communityimpact.com/houston/katy-north/government/2024/10/15/katy-city-council-denies-permit-for-energy-storage-facility-amid-community-pushback/"
CASE 8: Flat Rock Energy Center / Kendall County (Comfort),PRE-REG DIMENSIONS,ERCOT / Site,"ERCOT queue ID: NOT FOUND in public sources — East Point Energy / Equinor never disclosed publicly; project withdrawn 2026-01-27 before reaching Interconnection Agreement milestone. Queue date: NOT FOUND. Tech: 250 MW BESS on 10 acres along Flat Rock Creek Rd adjacent to LCRA Kendall substation. Receptor distance (low confidence, approximate): site cluster near LCRA substation ~29.985°N, 98.918°W to Comfort Middle School at 216 High St (~29.971°N, 98.908°W) ≈ 1.1 mi straight-line. Exact 10-acre lease parcel never published; treat as low-confidence pending Kendall CAD parcel lookup.",Kendall CAD parcel patterns (sample 221 Flat Rock Creek Rd); Comfort ISD address,"https://www.boernestar.com/article/12616,battery-storage-center-calls-off-plans-in-comfort ; https://www.land.com/property/221-Flat-Rock-Creek-Road-Comfort-Texas-78013/21867415/"
CASE 9: Platinum Energy Storage / Fannin County (Savoy),PRE-REG DIMENSIONS,ERCOT / Site,"ERCOT queue ID: ERCOT-22INR0554 (Fannin County, listed at 304 MW; consistent with ENGIE acquisition from Belltown Power 2022). Queue request date: 2022 vintage — month/day not surfaced without ERCOT GIS xlsx pull. ERCOT clearance for COD: 2025-08-19. Tech: 300 MW (some sources 309.5 MW) BESS on ~17 acres along US Highway 82 north of Savoy. Receptor distance: NOT FOUND — site described only as 'along US-82 just north of Savoy'; precise parcel not in public coverage. Backfill via Fannin CAD parcel lookup.",ERCOT GIS interconnection queue; Energy-Storage News + KTEN coverage,https://www.energy-storage.news/engie-seeks-to-reassure-locals-on-safety-of-300mw-bess-project-in-texas/ ; https://www.kten.com/news/texas-headlines/joint-commission-to-study-savoy-battery-storage-facility/article_6e83770f-248f-4e67-a66e-a141e66ac3e5.html
,,,,,
"--- ADDITIONAL ESCALATING CASES (TX BESS / SOLAR+STORAGE ≥50 MW WITH DISQUALIFIER-LEVEL OPPOSITION, 2023–2026) ---",,,,,
,,,,,
"--- CASE 8: Flat Rock Energy Center — East Point Energy / Kendall County (Comfort), TX (BESS) ---",,,,,
Kendall County — Flat Rock,OUTCOME,East Point Energy (Equinor subsidiary),"withdrawn — East Point Energy formally cancelled the 250 MW Flat Rock Energy Center BESS on 2026-01-27 after sustained county-level opposition, the adoption of restrictive Kendall County BESS standards (2024 IFC + protective designs), and Kendall County's joint 391 Sub-Regional Planning Commission with Kerr County to oppose BESS development. State Rep. Ellen Troxclair publicly hailed the cancellation as a victory.",Restrictive county ordinance + sustained community opposition,"https://www.boernestar.com/article/12616,battery-storage-center-calls-off-plans-in-comfort"
Kendall County — Flat Rock,2023 (exact date unknown),East Point Energy / Equinor,"Equinor subsidiary East Point Energy began developing the 250 MW Flat Rock Energy Center on 10 acres at Flat Rock Creek Road, Comfort, Kendall County, TX (adjacent to LCRA substation)",Project initiation,https://www.utilitydive.com/news/equinor-ercot-east-point-battery-storage-texas/713354/
Kendall County — Flat Rock,2024-01 (early),Comfort residents (~275+ attendees) / Kendall County officials,"More than 275 residents crowded into Comfort Middle School to voice opposition to East Point's Flat Rock Energy Center and Key Capture Energy's adjacent Ringtrail Ridge BESS (3-acre site on 8-acre plat); raised concerns about thermal runaway lithium fires, toxic byproducts, contaminated runoff, and limited rural firefighting capacity",Public meeting / community opposition,"https://www.boernestar.com/article/9257,county-makes-move-to-help-in-fight-against-battery-storage-systems"
Kendall County — Flat Rock,2024-05 (approximate),Kendall County Commissioners Court,Began strengthening Kendall County safety standards for BESS facilities; consulted with nationally-recognized fire/life-safety expert; implemented protective design requirements,County BESS safety ordinance,"https://www.boernestar.com/article/12616,battery-storage-center-calls-off-plans-in-comfort"
Kendall County — Flat Rock,2024 (exact date unknown),Kendall County Commissioners Court,Adopted 2024 International Fire Code and implemented restrictive design measures applicable to BESS facilities; effectively raised compliance burden for proposed projects,International Fire Code 2024 adoption (Texas Local Government Code Chapter 233),"https://www.boernestar.com/article/12616,battery-storage-center-calls-off-plans-in-comfort"
Kendall County — Flat Rock,2024 (exact date unknown),Kendall County Commissioners Court / Kerr County Commissioners Court,"Kendall County Commissioners Court voted to move toward establishment of a Sub-Regional Planning Commission (""391 Commission"") with Kerr County to strengthen joint opposition to BESS development under Texas Local Government Code Chapter 391; approved resolution requesting TCEQ deny all permits for BESS facilities proposed in the county",Texas Local Government Code Chapter 391 (Sub-Regional Planning Commission),https://www.hccommunityjournal.com/article_b571fa96-87ec-11ef-93a8-e72cd8389e86.html
Kendall County — Flat Rock,2025 (filed Feb-Mar 2025),State Rep. Ellen Troxclair / Texas Legislature,"Filed multiple Texas state bills (HB 5569, HB 5572, HB 1378, SB 819) to give counties authority to regulate BESS facilities, require fire safety standards, and impose setback rules — explicitly motivated by Kendall/Comfort situation",Texas Legislature 89R session BESS bills,https://sbaustinlaw.com/texas-bills-to-watch-siting-permitting-and-removal-of-bess-solar-and-wind/
Kendall County — Flat Rock,2026-01-27,"East Point Energy (Catherine Chapman, Manager of Community Engagement)","Issued letter formally cancelling the Flat Rock Energy Center: ""Due to shifting strategic priorities, East Point Energy's development of the Flat Rock Energy Center will no longer be pursued at this time""",Project cancellation announcement,"https://www.boernestar.com/article/12616,battery-storage-center-calls-off-plans-in-comfort"
Kendall County — Flat Rock,2026-01-27,State Rep. Ellen Troxclair (R-Lakeway),"Publicly declared victory: ""East Point is officially calling off their plans for a battery storage facility"" — framed cancellation as a major victory after fierce local opposition",Press statement / political declaration,https://texasscorecard.com/local/state-rep-declares-victory-as-battery-facility-drops-building-plans/
,,,,,
"--- CASE 9: Platinum BESS — Engie (formerly Belltown Power) / Fannin County (Savoy), TX (300 MW BESS) ---",,,,,
Fannin County — Platinum BESS,OUTCOME,Engie North America / Platinum Energy Storage LLC,"ongoing_dispute — 300 MW BESS near Savoy is constructed but pre-energization; held up by Fannin County Fire Marshal enforcement actions and county-imposed conditions; Engie/Platinum filed lawsuits against Fannin County, the individual members of the Commissioners Court, and Fire Marshal Troy Hudson alleging the county ""moved the goalposts at every turn."" Most recent public action: Nov 26, 2025 residents voiced opposition.",Multiple disqualifiers: fire marshal enforcement + developer-county litigation + sustained resident opposition,https://www.kten.com/news/texas-headlines/fannin-county-battery-facility-sparks-a-lawsuit/article_4c12fdcd-78d9-449d-9fb0-a1cc6c69f17a.html
Fannin County — Platinum BESS,2022 (exact date unknown),Engie North America / Belltown Power,"Engie acquired Platinum BESS project as part of 6GW Texas portfolio purchased from Belltown Power; project sited near Savoy, TX on US Highway 82 (~17 acre site)",Project acquisition / portfolio transfer,https://www.energy-storage.news/engie-seeks-to-reassure-locals-on-safety-of-300mw-bess-project-in-texas/
Fannin County — Platinum BESS,2025-03-05,Fannin County residents,"Residents voiced concerns about Fannin County energy facility at public meeting; cited noise, sound, air pollution, and inadequate firefighting capacity for 17-acre lithium battery site",Public meeting / community opposition,https://www.kxii.com/2025/03/05/residents-voice-concerns-about-fannin-county-energy-facility/
Fannin County — Platinum BESS,2025-03-24,Texas state leaders / Fannin County residents,Texas state leaders publicly advocated for Fannin County residents opposing the new battery facility; pressed Engie for compliance and additional safety measures,Legislative advocacy / public pressure,https://www.kxii.com/2025/03/24/texas-state-leaders-advocate-fannin-county-residents-opposing-new-battery-facility/
Fannin County — Platinum BESS,2025-05-20,Fannin County Fire Marshal Troy Hudson / Fannin County Commissioners Court,"Fannin County Judge called for inspection of the BESS facility before it could become operational; walkthrough scheduled with Engie Services US for May 20, 2025 to ensure NFPA / fire code compliance prior to energization",Fannin County Fire Marshal enforcement / NFPA 855 compliance review (Texas Local Government Code Chapter 233),https://fannincountyleader.info/fannin-county-commissioners-meeting-a-walkthrough-of-the-battery-storage-f-p19589-1.htm
Fannin County — Platinum BESS,2025-09 (approximate),Engie North America / Platinum Energy Storage LLC,"Filed lawsuit against Fannin County in district court alleging county officials ""moved the goalposts at every turn"" and obstructed the project's right to do business; Platinum BESS separately filed lawsuits against the individual members of Commissioners Court and Fannin County Fire Marshal Troy Hudson; alleged the county-imposed order is ""unlawful""",Developer civil action against county officials; Texas Civil Practice & Remedies Code; Texas tort law,https://www.ntxe-news.com/artman/publish/article_142988.shtml
Fannin County — Platinum BESS,2025-11-26,Fannin County residents,Residents again voiced opposition to BESS plant at public meeting; expressed dismay that Engie was nearing completion of 300MW standalone BESS despite four years of development without their awareness,Public meeting / community opposition,https://www.kxii.com/2025/11/26/fannin-county-residents-voice-opposition-bess-plant/
,,,,,
"--- CASE 10: Black Mountain Energy Storage — Kerr County (Mountain Home), TX (100.8 MW BESS at LCRA substation) ---",,,,,
Kerr County — Black Mountain,OUTCOME,Black Mountain Energy Storage II LLC (CEO Rhett Bennett),"delayed_in_litigation / ongoing_dispute — 100.8 MW BESS proposed for Reservation Rd at IH-10 (Mountain Home substation), Precinct 4, Kerr County. Kerr County Commissioners Court rejected developer's tax abatement request 2024-07-26; Court adopted two formal resolutions opposing BESS 2024-08-26 and forwarded to TCEQ and state legislators; Kerr County formed Hill Country Energy 391 Sub-Regional Planning Commission with Kendall County to oppose BESS. Project was ""expected to be fully operational by 2027"" per developer but is materially impeded.",Multiple disqualifiers: opposing county resolutions + 391 commission opposition + tax abatement denial,https://www.hccommunityjournal.com/article_28b19080-491c-11ef-bc35-b7fcdbcf9ccf.html
Kerr County — Black Mountain,45689,"Black Mountain Energy Storage II, LLC / ERCOT","ERCOT generation interconnection request entered queue (ERCOT-25INR0210) for 100.8 MW BESS at ""7750 LCRA MOUNTAIN HOME SUB"" in Kerr County (queue date 02-01-2025)",ERCOT Generation Interconnection Process,https://www.interconnection.fyi/project/ercot-25inr0210
Kerr County — Black Mountain,45499,"Kerr County Commissioners Court (Commissioners Letz, Paces, et al.)","Rejected Black Mountain Energy Storage's request for property tax abatement on $87 million BESS project at Reservation Rd / IH-10 adjacent to Mountain Home substation; eight speakers spoke against the project at the meeting; Commissioner Letz: ""I don't see your application going anywhere""; Commissioner Paces told developer ""I guess you've figured out that you are not welcome in Kerr County""",Tax abatement denial; Texas Tax Code Chapter 312,https://www.hccommunityjournal.com/article_28b19080-491c-11ef-bc35-b7fcdbcf9ccf.html
Kerr County — Black Mountain,45530,Kerr County Commissioners Court,"Signed two formal resolutions opposing BESS in Kerr County: one to be sent to the Texas Commission on Environmental Quality (TCEQ, the BESS-permitting agency); one to be sent to State Rep-elect Wes Virdell and State Senator Pete Flores",County resolution opposing BESS (Texas Local Government Code Chapter 81),https://www.hccommunityjournal.com/article_50fac9b6-6493-11ef-a285-8bf785383b43.html
Kerr County — Black Mountain,45546,U.S. Rep. Chip Roy (TX-21),Sent letter to Black Mountain Energy Storage CEO Rhett Bennett pressing for answers regarding the proposed Mountain Home BESS facility,Congressional inquiry letter,https://roy.house.gov/sites/evo-subsites/roy.house.gov/files/evo-media-document/Black%20Mountain%20Energy%20BESS%20Letter%20F.pdf
Kerr County — Black Mountain,45615,Kerr County Commissioners Court,Held workshop on forming a Chapter 391 Sub-Regional Planning Commission with Kendall County to formally oppose BESS development across both counties; commissioners unanimously agreed to share the proposed interlocal agreement with Kendall County,Texas Local Government Code Chapter 391 (Sub-Regional Planning Commission),https://legacy.co.kerr.tx.us/notices/docs/2024-11-19--BESSWorkshop&Resolution.pdf
Kerr County — Black Mountain,2025-07 (approximate),Kerr County Commissioners Court,Approved hire of contracted (part-time) fire marshal and adopted a new legally vetted resolution requiring BESS developers to prove compliance with state safety and fire codes before receiving court approval; rescinded earlier May 2025 resolution as a weaker measure,Resolution requiring full BESS compliance documentation; Texas Local Government Code Chapter 233,https://www.fredericksburgstandard.com/2025/07/16/county-oks-battery-oversight/
Kerr County — Black Mountain,46000,"Kerr County Commissioner Rich Paces (President, Hill Country Energy SRPC)","Told Lower Colorado River Authority Board of Directors that the 391 SRPC had submitted four coordination notices asking LCRA to consult on proposed BESS sites and that LCRA had refused to meet; called LCRA's refusal a failure of ""moral obligation to coordinate planning for BESS with our subregional planning commission""",Texas Local Government Code Chapter 391; LCRA Act,https://citizenportal.ai/articles/7217421/Texas/Executive/Departments-and-Agencies/Lower-Colorado-River-Authority-LCRA/Kerr-County-commissioners-and-residents-urge-LCRA-to-coordinate-on-battery-storage-siting-cite-wildfire-and-water-risks
,,,,,
"--- CASE 11: Apache Hill BESS — Vitis Energy (formerly Black Mountain) / Hood County (Granbury, Mambrino Hwy), TX (200 MW BESS) ---",,,,,
Hood County — Apache Hill,OUTCOME,Vitis Energy (woman-owned IPP) — acquired from Black Mountain Energy Storage,"under_construction — 200 MW / 400 MWh BESS at 2625 Mambrino Highway, Hood County, adjacent to the 2.4 GW Comanche Peak nuclear plant. Vitis took financial close; commercial operations expected July 2026. Disqualifier-level concerns raised by Pecan Plantation residents demanding Hood County Fire Marshal scrutiny: project sits ~0.2 mi from Rainbow's Promise childcare, ~1.2 mi from Mambrino Elementary, ~1 mi from Mambrino Baptist Church. No formal county resolution, lawsuit, or moratorium adopted as of 2026-04-25, but residents formally raised the issue at the Apr 22, 2026 commissioners court.",Resident demand for fire marshal enforcement (no formal county action yet),https://citizenportal.ai/articles/7078994/Hood-County/Texas/Residents-urge-scrutiny-of-proposed-battery-storage-site-near-Granbury-schools-and-childcare
Hood County — Apache Hill,2024 (exact date unknown),Black Mountain Energy Storage / Vitis Energy,Black Mountain Energy Storage sold the 200 MW Apache Hill BESS project to woman-owned IPP Vitis Energy,Project acquisition / commercial transfer,https://www.energy-storage.news/developer-black-mountain-sells-200mw-ercot-bess-to-woman-owned-ipp-vitis/
Hood County — Apache Hill,2025 (exact date unknown),Vitis Energy,"Vitis Energy and Enertis Applus+ advanced Apache Hill BESS through engineering, procurement, and construction milestones for the 200 MW / 400 MWh project at 2625 Mambrino Hwy, Hood County, TX",Project advancement / EPC milestones,https://www.energy-storage.news/vitis-energy-and-enertis-applus-advance-texas-bess-projects/
Hood County — Apache Hill,2026 (Q1),Vitis Energy,Vitis Energy announced financial close of Apache Hill (200 MW / 400 MWh); commercial operations targeted for July 2026,Project finance close,https://www.energy-storage.news/vitis-energy-and-enertis-applus-advance-texas-bess-projects/
Hood County — Apache Hill,46134,Pecan Plantation residents / Hood County Commissioners Court,"Residents urged Hood County Commissioners Court to grant the Hood County Fire Marshal ""every tool he needs to inspect these"" battery storage facilities; cited proximity to Rainbow's Promise childcare (~0.2 mi), Mambrino Elementary (~1.2 mi), and Mambrino Baptist Church (~1 mi); cited reports of large battery fires and inadequate emergency response for the rural area",Public meeting / fire marshal enforcement demand,https://citizenportal.ai/articles/7078994/Hood-County/Texas/Residents-urge-scrutiny-of-proposed-battery-storage-site-near-Granbury-schools-and-childcare
,,,,,
--- ADDITIONAL CANDIDATES INVESTIGATED (lower-confidence disqualifier evidence) ---,,,,,
Lampasas County — Thomas Cameron BESS,INVESTIGATED — partial disqualifier,Unknown developer; ERCOT queue ID 24INR0543,"200 MW Thomas Cameron BESS facility on County Road 2275, Lampasas County, TX (sited adjacent to ATMOS Energy natural gas transmission line). Lometa residents (Ted and Sharon Newsom) sounded alarm at Commissioners Court; County Judge Randy Hoyer announced a county resolution opposing data centers, BESS, and renewables would be drafted for an upcoming Commissioners Court meeting (as of late 2025/early 2026). NOT FULLY ESCALATED: county resolution had not yet been formally adopted as of 2026-04-25; Hoyer publicly stated ""Realistically, statutorily, we don't have any regulatory authority to stop or prevent it.""",Partial disqualifier (resolution drafted but not yet adopted),http://www.lampasasdispatchrecord.com/index.php/news/hoyer-outlines-countys-options-limit-proposed-bess-facilities
Cherokee County — BESS expansion (no specific named project),INVESTIGATED — party resolution only,Multiple proposed BESS projects in Cherokee County,"On 2025-06-30, the Cherokee County Republican Party adopted by majority vote a resolution to bar BESS expansion in the county. NOT INCLUDED AS A PRIMARY CASE because: (a) the resolution was adopted by the county Republican Party Executive Committee, NOT the Cherokee County Commissioners Court — it has no legal force as a ""commissioner resolution opposing the project""; (b) no specific named BESS project at risk was identified.",Party resolution only; no commissioners-court action,https://www.jacksonvilleprogress.com/news/local_news/cherokee-county-republican-party-fights-to-bar-battery-energy-storage-systems-expansion/article_410bdbfd-92ae-4d15-811c-c5d1768155d9.html
,,,,,
--- OUTCOME LABELS & UPDATES (as of 2026-04-25) FOR THE 4 EXISTING CASES ---,,,,,
,,,,,
Van Zandt County (Case 1 update),OUTCOME LABEL,Amador Energy Storage / Taaleri Energia,"delayed_in_litigation — TRO (Cause No. 25-00067) remains in effect; Feb 11, 2026 county green-energy moratorium halts project; Fire Marshal continues to reject Amador's NFPA 855 documents. Most recent public action: Van Zandt County Fire Marshal rejection of Amador BESS submission on 2026-01-16.",Multiple disqualifiers active,https://www.vanzandtcounty.org/upload/page/2685/2026/01162026%20Press%20Release%20-%20Bess%20documents%20response%20.pdf
Van Zandt County,2026-01-16,Van Zandt County Fire Marshal Kevin Palmer / County Judge Andy Reese,"Press release announcing Van Zandt County Fire Marshal's rejection of Amador BESS documents; letter excerpts state that submitted materials do not satisfy NFPA 855 (2020 ed) and Texas Local Government Code Chapter 233 requirements imposed by the March 21, 2025 fire marshal order",NFPA 855 (2020 ed); Texas Local Government Code Chapter 233,https://www.vanzandtcounty.org/upload/page/2685/2026/01162026%20Press%20Release%20-%20Bess%20documents%20response%20.pdf
Van Zandt County,46077,Delta County Attorney (Jay Garrett) / Texas Attorney General (Ken Paxton),"Delta County filed Request for Attorney General Opinion (RQ-0634-KP) asking whether Texas counties have express statutory or constitutional authority to impose moratoria on commercial utility-scale solar, BESS, wind, and data center facilities. Cited as relevant authority test for Van Zandt County green-energy moratorium and similar measures.",Texas Government Code §402.042 (Attorney General opinion request),https://www.texasattorneygeneral.gov/sites/default/files/request-files/request/2026/RQ0634KP.pdf
,,,,,
Gillespie County — Rogers Draw (Case 2 update),OUTCOME LABEL,Peregrine Energy Solutions / Rogers Draw Energy Storage LLC,"delayed_in_litigation — Agreed Temporary Injunction (Jan 14, 2026) halts all construction at the Harper, TX site pending final judgment; Court denied Rogers Draw's Rule 91a Motion to Dismiss on Dec 12, 2025; trial date to be set. Project remains in active litigation as Cause No. 25-18363, 216th Judicial District Court. Most recent public action: Gillespie County's Answer to Rogers Draw Counterclaims filed 2026-01-12.",Multiple disqualifiers active,https://www.gillespiecounty.gov/1372/Gillespie-County-BESS-Information
Gillespie County — Rogers Draw,46003,216th Judicial District Court (Judge Albert Patillo),Court issued Order DENYING Defendant Rogers Draw Energy Storage LLC's Rule 91a Motion to Dismiss and Request for Attorneys' Fees; Plaintiffs awarded entitlement to attorneys' fees under TRCP 91a.7,Texas Rules of Civil Procedure 91a (motion to dismiss for cause of action with no basis in law or fact); TRCP 91a.7 (attorney's fee shifting),https://www.gillespiecounty.gov/DocumentCenter/View/2198
Gillespie County — Rogers Draw,46034,Gillespie County (Intervenor),"Filed Gillespie County's Answer to Rogers Draw Energy Storage LLC's Counterclaims in 216th Judicial District Court; argued threatened injury to public safety is ""sufficiently likely"" given county infrastructure and emergency response limitations and the commencement of construction at Rogers Draw site; argued county's intervention is a lawful exercise of governmental authority",Texas Rules of Civil Procedure (answer to counterclaims); 216th Judicial District Court Cause No. 25-18363,https://www.gillespiecounty.gov/DocumentCenter/View/2194
,,,,,
Katy — Ochoa (Case 3 update),OUTCOME LABEL,Vesper Energy / Ochoa Energy Storage LLC,"ongoing_dispute — SUP denial stands; case is fully briefed at Texas PUC (Docket 58859) and SOAH (Docket 473-26-07508). PUC issued Draft Preliminary Order Dec 12, 2025; ERCOT intervened. Procedural schedule: Ochoa direct testimony 2026-03-06, Katy direct testimony 2026-04-13, ERCOT/Staff testimony 2026-05-01, Hearing on the Merits 2026-07-15/16. Most recent public action: City of Katy direct testimony deadline 2026-04-13.",Active SUP denial + state appeal,https://hoodline.com/2025/12/katy-power-brawl-500mw-battery-plan-heads-for-puc-showdown/
Katy — Ochoa,46003,Public Utility Commission of Texas (Commission Advising) / Commissioners Hjaltman & Johnson,Issued Draft Preliminary Order in Docket No. 58859 (Appeal of Ochoa Energy Storage LLC from Actions of the City of Katy and Application for Declaratory Order); Commission referred matter to ALJ at SOAH and reserved authority to identify additional issues under Tex. Gov't Code §2003.049(e),"PURA §39.001(c)(d), §39.151; Texas Government Code §2003.049(e); PUC Procedural Rules",https://interchange.puc.texas.gov/Documents/58859_17_1562275.PDF
Katy — Ochoa,46087,Ochoa Energy Storage LLC,Deadline for Ochoa direct testimony filing per adopted procedural schedule (PUC Docket 58859 / SOAH Docket 473-26-07508),Procedural Schedule — PUC Docket No. 58859 / SOAH Docket No. 473-26-07508,https://hoodline.com/2025/12/katy-power-brawl-500mw-battery-plan-heads-for-puc-showdown/
Katy — Ochoa,46125,City of Katy,Deadline for City of Katy direct testimony filing per adopted procedural schedule (PUC Docket 58859 / SOAH Docket 473-26-07508),Procedural Schedule — PUC Docket No. 58859 / SOAH Docket No. 473-26-07508,https://hoodline.com/2025/12/katy-power-brawl-500mw-battery-plan-heads-for-puc-showdown/
,,,,,
Gillespie County — Marshall Springs (Case 4 update),OUTCOME LABEL,AMPYR Energy USA,"delayed_in_litigation — Gillespie County lawsuit (Case No. 26-18599) filed 2026-03-11 against Marshall Springs Storage LLC, Marshall Springs Solar LLC, and AMPYR Energy USA LLC. ERCOT IA (signed 2026-01-28) stands but project is now subject to active county litigation and Flood Damage Prevention Ordinance enforcement; opposition group fightfbgsolar.com publicly active. No new public docket events on Marshall Springs after 2026-03-11 located as of 2026-04-25. Most recent public action: Gillespie County lawsuit filing 2026-03-11.",Active county litigation + ordinance enforcement,https://www.law.com/radar/card/wn-texas-gillespie-1626169-gillespie-county-texas-v-marshall-springs-storage-llc-marshall-springs-solar-llc-and-ampyr-energy-usa-llc
,,,,,
--- CLEAN BUILDS — TEXAS BESS / SOLAR+STORAGE PROJECTS THAT CLEARED LOCAL PERMITTING WITHOUT DISQUALIFIERS (2023–2026) ---,,,,,
,,,,,
"--- CASE 5: ENGIE Sun Valley Solar + Storage — Hill County, TX (Abbott area) ---",,,,,
Hill County — Sun Valley,OUTCOME,ENGIE North America,"Outcome: BUILT — Sun Valley Solar (250 MW) commissioned November 2022; Sun Valley Battery Storage (100 MW / 100 MWh) commissioned and announced operational on 2023-12-19. No resident lawsuit, no opposing county resolution, no SUP/zoning denial, no fire marshal enforcement order, no court injunction/TRO, no county-level moratorium identified.",,https://www.engie-na.com/engie-announces-commissioning-of-its-100mw-sun-valley-utility-scale-battery-storage-project-in-us/
Hill County — Sun Valley,2018-03-02,Sun Valley Solar LLC / ERCOT,"Submitted ERCOT generation interconnection request (queue ID ERCOT-19INR0169) for 250 MW Sun Valley Solar in Hill County, TX",ERCOT Generation Interconnection Process (Nodal Operating Guide §6),https://www.renewablesinfo.org/project/ercot-19inr0169-sun-valley
Hill County — Sun Valley,2020-03-15,Sun Valley Solar LLC / ERCOT TDSP,Standard Generation Interconnection Agreement (SGIA) executed for 250 MW Sun Valley Solar at 345 kV Sam Sw – Tradinghouse tap,ERCOT Standard Generation Interconnection Agreement (SGIA) under PUC Project No. 35077,https://www.renewablesinfo.org/project/ercot-19inr0169-sun-valley
Hill County — Sun Valley,2021-04,Procter & Gamble / ENGIE North America,Long-term Virtual Power Purchase Agreement (VPPA) executed between P&G and ENGIE for output of 250 MW Sun Valley Solar Center,Virtual Power Purchase Agreement (commercial offtake),https://www.jonesday.com/en/practices/experience/2021/04/procter-amp-gamble-enters-into-longterm-vppa-with-engie-for-sun-valley-solar-energy-project
Hill County — Sun Valley,2022-07-26,Hill County Commissioners Court,"Approved proposed format of Tax Abatement Agreement with Sun Valley Storage, LLC and ordered notice posted on county bulletin board and online (Judge Lewis and all Commissioners voted to approve)",Texas Tax Code Chapter 312 (Property Redevelopment and Tax Abatement Act); §312.207 notice requirement,https://newtools.cira.state.tx.us/upload/page/7613/docs/CCMinutes/2022/CC%20July%2026%202022.pdf
Hill County — Sun Valley,2022-09-13,Hill County Commissioners Court,"Held public hearing on Hill County's intent to enter into Tax Abatement Agreement with Sun Valley Storage, LLC relating to the solar energy storage project; agenda item included ""Discussion and possible action on approval of Tax Abatement Agreement between Hill County, Texas and Sun Valley Storage, LLC""",Texas Tax Code §312.207(c) (notice and hearing for county tax abatement),https://www.co.hill.tx.us/upload/page/7607/docs/2022/ccagenda-09132022-proposed-tax-abatement.pdf
Hill County — Sun Valley,2022-09-20,Procter & Gamble / ENGIE North America,"Public announcement of 200 MW PPA from Sun Valley Solar (""located in Hill County, Texas, 65 miles southwest of Dallas""); >530,000 MWh/year to P&G",Power Purchase Agreement public disclosure,https://www.prnewswire.com/news-releases/pg-and-engie-collaborate-on-new-renewable-energy-project-in-hill-county-texas-301628287.html
Hill County — Sun Valley,2022-11,ENGIE North America / ERCOT,Sun Valley Solar (250 MW) reached commercial operations and began delivering energy to ERCOT,ERCOT commercial operation declaration,https://cleanview.co/solar-farms/texas/65303/sun-valley-solar-project
Hill County — Sun Valley,2023-04-28,"Sun Valley Storage, LLC",Filed self-certification of Exempt Wholesale Generator (EWG) status with FERC (Docket No. EG23-140-000) for 100 MW co-located battery storage facility,Public Utility Holding Company Act of 2005 (PUHCA); 18 C.F.R. §366.7,https://interchange.puc.texas.gov/Documents/54974_49_1327268.PDF
Hill County — Sun Valley,2023-07-10,Federal Energy Regulatory Commission (FERC),Issued Notice of Effectiveness of Sun Valley Storage's EWG status (Docket No. EG23-140-000),PUHCA 2005; 18 C.F.R. §366.7(a)(4),https://interchange.puc.texas.gov/Documents/54974_49_1327268.PDF
Hill County — Sun Valley,2023-12-19,ENGIE North America,"Announced commissioning of Sun Valley Battery Storage project (100 MW / 100 MWh, 308 battery cabinets) co-located with the 250 MW Sun Valley Solar plant; ~3,500 workdays on the project. Reaches commercial operations in ERCOT.",ERCOT commercial operation declaration,https://www.engie-na.com/engie-announces-commissioning-of-its-100mw-sun-valley-utility-scale-battery-storage-project-in-us/
,,,,,
"--- CASE 6: Plus Power Anemoi Energy Storage — Hidalgo County, TX (near McCook / Edinburg) ---",,,,,
Hidalgo County — Anemoi,OUTCOME,Plus Power LLC / Anemoi Energy Storage LLC,"Outcome: BUILT — 200 MW / 400 MWh BESS in Hidalgo County reached commercial operations in summer 2024 (May/June 2024). NADBank board document states: ""No public opposition to the Project has been detected."" No resident lawsuit, no opposing county resolution, no SUP/zoning denial, no fire marshal enforcement order, no court injunction/TRO, no county-level moratorium identified.",,https://cleanview.co/battery-storage-projects/texas/67236/anemoi-energy-storage
Hidalgo County — Anemoi,2021 (early),Plus Power LLC,Plus Power began developing Anemoi Energy Storage project; commenced outreach and engagement with Hidalgo County Planning Department and Fire Marshal's office,Project initiation / pre-application engagement,https://www.anemoienergystorage.com/community
Hidalgo County — Anemoi,2021-11,Plus Power LLC,Conducted ERCOT interconnectability study for Anemoi Energy Storage,ERCOT Generation Interconnection Process — Interconnectability Study,https://myrgv.com/local-news/2023/12/01/hidalgo-county-approves-tax-abatement-on-190m-battery-storage-project/
Hidalgo County — Anemoi,2022-01,Anemoi Energy Storage LLC / Electric Transmission Texas (ETT),Generation Interconnection Agreement executed for 200 MW BESS adjacent to AEP Pomelo 345 kV substation,ERCOT Standard Generation Interconnection Agreement (SGIA); PUC Project No. 35077,https://nadbank.org/hubfs/projects/anemoi_energy_storage_project_proposal_eng_published.pdf?hsLang=en
Hidalgo County — Anemoi,2022-02,Anemoi Energy Storage LLC,"Engineering, Procurement & Construction (EPC) contract executed for the 200 MW / 400 MWh BESS",EPC contract (commercial),https://nadbank.org/hubfs/projects/anemoi_energy_storage_project_proposal_eng_published.pdf?hsLang=en
Hidalgo County — Anemoi,2022-09,Anemoi Energy Storage LLC,"Project site purchase option agreement executed for ~13 acres near Edinburg, TX (south of McCook)",Real property purchase option agreement,https://nadbank.org/hubfs/projects/anemoi_energy_storage_project_proposal_eng_published.pdf?hsLang=en
Hidalgo County — Anemoi,2023-02,Anemoi Energy Storage LLC,Phase I Environmental Site Assessment completed for project parcel,ASTM E1527 Phase I Environmental Site Assessment,https://nadbank.org/hubfs/projects/anemoi_energy_storage_project_proposal_eng_published.pdf?hsLang=en
Hidalgo County — Anemoi,2023 (spring),Texas Commission on Environmental Quality (TCEQ),Issued construction-related permit to Anemoi Energy Storage LLC,TCEQ Construction General Permit (TXR150000) / stormwater authorization,https://www.anemoienergystorage.com/community
Hidalgo County — Anemoi,2023 (spring),Hidalgo County Planning Department,Issued building permit to Anemoi Energy Storage LLC for 200 MW BESS facility,Hidalgo County Planning Department building permit (Hidalgo County development regulations),https://www.anemoienergystorage.com/community
Hidalgo County — Anemoi,2023-05,Plus Power / Anemoi Energy Storage LLC,Commenced construction of 200 MW / 400 MWh battery energy storage system,Construction commencement under issued permits,https://www.anemoienergystorage.com/community
Hidalgo County — Anemoi,2023-07-06,North American Development Bank (NADBank),"Published draft Board Document BD 2023-XX certification and financing proposal for Anemoi project; explicitly states ""No public opposition to the Project has been detected""",NADBank Board Document BD 2023-XX (project certification under NADBank Charter),https://nadbank.org/hubfs/projects/anemoi_energy_storage_project_proposal_eng_published.pdf?hsLang=en
Hidalgo County — Anemoi,2023-08-02,Anemoi Energy Storage LLC,"Filed self-certification of Exempt Wholesale Generator (EWG) status with FERC for the 200 MW battery storage facility under development in Edinburg, Texas",PUHCA 2005; 18 C.F.R. §366.7,https://interchange.puc.texas.gov/Documents/56269_1_1368882.PDF
Hidalgo County — Anemoi,2023-10,NADBank / First Citizens Bank consortium,NADBank announced participation in $202.3 million project financing for Anemoi Energy Storage,NADBank certification & loan financing,https://nadbank.org/cofidan-projects/anemoi-energy-storage-project-in-hidalgo-county-texas
Hidalgo County — Anemoi,2023-12-01,Hidalgo County Commissioners Court (Precinct 3 Commissioner Everardo Villarreal et al.),"Unanimously approved 5-year, 50% Tax Abatement Agreement with Anemoi Energy ($190M project value); approved without significant public input or opposition",Texas Tax Code Chapter 312 (Property Redevelopment and Tax Abatement Act); Hidalgo County Tax Abatement Guidelines (Dec. 2022),https://myrgv.com/local-news/2023/12/01/hidalgo-county-approves-tax-abatement-on-190m-battery-storage-project/
Hidalgo County — Anemoi,2024-05-07,Oncor Electric Delivery Company / Anemoi Energy Storage LLC,"Informational filing of executed ERCOT Interconnection Agreement with PUCT (Project No. 35077, Item 1810)",ERCOT Standard Generation Interconnection Agreement; PUC Substantive Rule §25.198,https://interchange.puc.texas.gov/Search/Documents?ControlNumber=35077&ItemNumber=1810
Hidalgo County — Anemoi,2024-05,Plus Power / Anemoi Energy Storage LLC,"Anemoi Energy Storage achieved Commercial Operation Date (200 MW / 400 MWh, 2-hour duration); Plus Power reports cleared for operation in June 2024",ERCOT commercial operation declaration,https://cleanview.co/battery-storage-projects/texas/67236/anemoi-energy-storage
,,,,,
"--- CASE 7: Apex Clean Energy / SA Grid Solutions Great Kiskadee Storage — Hidalgo County, TX ---",,,,,
Hidalgo County — Great Kiskadee,OUTCOME,Apex Clean Energy / SA Grid Solutions (JV with SK Gas / SK eternix),"Outcome: BUILT — 100 MW / 200 MWh BESS in Hidalgo County reached commercial operations on 2025-02-18. No resident lawsuit, no opposing county resolution, no SUP/zoning denial, no fire marshal enforcement order, no court injunction/TRO, no county-level moratorium identified.",,https://www.apexcleanenergy.com/news/apexs-great-kiskadee-storage-launches-commercial-operations/
Hidalgo County — Great Kiskadee,2023 (exact date unknown),Great Kiskadee Storage LLC / ERCOT,"Submitted ERCOT generation interconnection request (queue ID ERCOT-23INR0166) for 103.05 MW battery storage project in Hidalgo County, TX",ERCOT Generation Interconnection Process (Nodal Operating Guide §6),https://www.interconnection.fyi/project/ercot-23inr0166
Hidalgo County — Great Kiskadee,2024 (Q1),Apex Clean Energy / SK Gas / SK eternix,Established SA Grid Solutions joint venture; Great Kiskadee Storage assigned as first project owned under JV,Joint venture formation,https://www.apexcleanenergy.com/news/apexs-great-kiskadee-storage-launches-commercial-operations/
Hidalgo County — Great Kiskadee,2024-05-14,First Citizens Bank Energy Finance / Apex Clean Energy / SA Grid Solutions,Closed >$150M financing for Great Kiskadee Storage and a second Texas BESS project; First Citizens served as sole bookrunner and co-lead arranger; project under construction in Hidalgo County,Project finance facility (debt + tax equity),https://www.apexcleanenergy.com/news/apex-secures-financing-texas-storage-facilities/
Hidalgo County — Great Kiskadee,2024-06-11,Hidalgo County Commissioners Court,"Issued Public Notice of Meeting at which Commissioners Court would consider approval of a Tax Abatement Agreement for Project Great Kiskadee under Texas Tax Code §312.207; meeting scheduled for June 11, 2024 at 10:00 AM in Edinburg","Texas Tax Code §312.207(c); Hidalgo County Tax Abatement Guidelines (Dec. 13, 2022)",https://www.hidalgocounty.us/DocumentCenter/View/63812/Project-Great-Kiskadee-Public-Meeting-Notice
Hidalgo County — Great Kiskadee,2024-07-23,Hidalgo County Commissioners Court,Issued Public Notice of Meeting for Project Great Kiskadee Tax Abatement Agreement; continued/rescheduled consideration,Texas Tax Code §312.207 (notice/hearing),https://www.hidalgocounty.us/DocumentCenter/View/67668/Great-Kiskadee-Meeting-Notice---07232024
Hidalgo County — Great Kiskadee,2024 (Q3-Q4),Apex Clean Energy / SA Grid Solutions,Construction continued in Hidalgo County under previously-secured permits; project initially anticipated COD Q3 2024 (per Apex financing announcement),Hidalgo County Planning Department building permit; ERCOT energization process,https://www.energy-storage.news/apex-clean-energy-secures-us150-million-for-ercot-projects-with-q3-cod/
Hidalgo County — Great Kiskadee,2025-02-18,Apex Clean Energy / SA Grid Solutions,"Announced commercial operations of Great Kiskadee Storage (100 MW / 200 MWh, 2-hour duration); first operational asset of SA Grid Solutions JV; equipment provided by Powin",ERCOT commercial operation declaration,https://www.apexcleanenergy.com/news/apexs-great-kiskadee-storage-launches-commercial-operations/
,,,,,
--- CANDIDATES INVESTIGATED AND REJECTED (with disqualifier) ---,,,,,
"REJECTED — Amador Energy Storage (Taaleri / Belltown), Van Zandt County",,,"DISQUALIFIERS: (1) resident lawsuit (Cause No. 24-00204, Dec 2024); (2) Van Zandt County Fire Marshal enforcement order (Mar 2025) under Texas Local Government Code Ch. 233 / NFPA 855; (3) Temporary Restraining Order issued by 294th District Court (Cause No. 25-00067, Apr 2025); (4) county-level green energy moratorium adopted by Van Zandt County Commissioners Court (Feb 11, 2026). See Case 1 above for full timeline.",Multiple disqualifiers,https://newtools.cira.state.tx.us/upload/page/2685/2025/VZC%20Press%20Release%2004092025.pdf
"REJECTED — Rogers Draw BESS (Peregrine Energy Solutions), Harper, Gillespie County",,,"DISQUALIFIERS: (1) opposing county resolution adopted by Gillespie County Commissioners Court (Feb 24, 2025); (2) resident lawsuit filed in 216th Judicial District Court (Sep 5, 2025); (3) Gillespie County intervention as plaintiff (Nov 26, 2025) and Stop Work Order (Dec 11, 2025); (4) agreed Temporary Injunction signed Jan 14, 2026. See Case 2 above for full timeline.",Multiple disqualifiers,https://www.gillespiecounty.gov/1372/Gillespie-County-BESS-Information
"REJECTED — Ochoa Energy Storage (Vesper Energy), City of Katy",,,"DISQUALIFIER: SUP/zoning denial — Katy City Council unanimously denied Special Use Permit for the 500 MW Ochoa Energy Storage project on Oct 14, 2024, overriding P&Z Committee recommendation. Ongoing PUC appeal under Docket No. 58859/SOAH 473-26-07508. See Case 3 above for full timeline.",SUP / zoning denial by city council,"https://katytimes.com/stories/city-council-denies-special-use-permit-for-proposed-battery-storage-system,90479"
"REJECTED — Marshall Springs Solar + BESS (AMPYR Energy USA), Willow City, Gillespie County",,,"DISQUALIFIERS: (1) opposing county resolution adopted by Gillespie County Commissioners Court (Nov 3, 2025); (2) Gillespie County lawsuit filed in District Court (Case No. 26-18599, Mar 11, 2026); (3) county Notice of Applicability of Flood Damage Prevention Ordinance (Dec 1, 2025). See Case 4 above for full timeline.",Multiple disqualifiers,https://www.gillespiecounty.gov/DocumentCenter/View/1654
"REJECTED — OCI Hillsboro Solar / Hillsboro BESS Project, Hill County",,,"INVESTIGATED — Hill County Commissioners Court approved tax abatement with OCI Hillsboro Solar in 2023, and on 2026-01-28 amended the abatement to separate solar and BESS (Hillsboro BESS Project LLC) per Hyundai Engineering's request. Project not selected because (a) BESS portion has not yet reached construction-start or COD (Hyundai Engineering reported delays), and (b) documented citizen protest (""Hill county citizens protest big business projects"" Facebook 2026) urging commissioners to vote NO on solar tax abatements. Does not meet ""reached construction-start or commercial-operation between 2023 and 2026"" criterion for the BESS, and citizen protest activity creates ambiguity vs the no-disqualifier requirement.",Not yet built (BESS) + citizen protest activity,https://hillsbororeporter.com/commissioners-approve-changes-to-oci-hillsboro-solar-abatement-p31448-54.htm
"REJECTED — Old 300 Storage (Ørsted), Fort Bend County",,,INVESTIGATED — Co-located 250 MW / 500 MWh BESS adjacent to operating 430 MW Old 300 Solar Center (solar COD Sept 2024). Fort Bend County Commissioners Court considered Tax Abatement on 2024-11-26; Ørsted took Final Investment Decision Q4 2024 and announced new BESS Apr 2025. No disqualifiers identified. NOT SELECTED as a primary case because the BESS itself has not yet reached commercial operations (expected Feb 2026 per Cleanview); construction is ongoing. Could be promoted to a primary case once COD is confirmed.,BESS not yet operational (still under construction as of investigation),https://us.orsted.com/news-archive/2025/04/orsted-announces-new-battery-energy-storage-system-in-fort-bend-county
,,,,,
"--- CASE 2: Gillespie County BESS Blockage — Peregrine Energy Solutions / Rogers Draw BESS, Harper, Gillespie County, TX ---",,,,,
Gillespie County — Rogers Draw,2025-02-24,Gillespie County Commissioners Court,"Passed resolution opposing Battery Energy Storage Systems (BESS) in Gillespie County, citing safety, economic, and environmental concerns. Also passed resolution requiring documentation for Harper BESS project",County resolution (Commissioners Court),https://www.energy-storage.news/texas-county-passes-resolution-opposing-bess-house-of-representatives-considers-regulations/
Gillespie County — Rogers Draw,2025-08-24 (approximate),Gillespie County (observation),"As of this date, Peregrine Energy Solutions had not filed any of the required construction documents with Gillespie County. LCRA connection construction continued.",County documentation requirements (February 24 resolution),https://www.923theranch.com/post/harper-injunctions-filed-against-peregrine-bess-construction
Gillespie County — Rogers Draw,2025-09-05,"Victor Hollender, Bruce Neitzke, Esther Schneider, Sarah Rivas (Harper residents)","Filed lawsuit in 216th Judicial District Court against Rogers Draw Energy Storage LLC and B&CWR Inc. (d/b/a Cactus Construction), seeking temporary and permanent injunction to stop construction of 145MW BESS due to fire risk and chemical contamination concerns, proximity to Harper ISD (~1,700 feet)","Petition for Temporary and Permanent Injunction — 216th Judicial District Court, Gillespie County",https://www.law.com/radar/card/wn-texas-gillespie-1252383-victor-hollender-esther-schneider-bruce-neitzke-sarah-rivas-v-rogers-draw-energy-storage-llc-b-cwr-inc-d-b-a-cactus-construction
Gillespie County — Rogers Draw,2025-11-26,Gillespie County,"Filed Petition in Intervention in 216th Judicial District Court, joining the residents' lawsuit as a plaintiff opposing the Rogers Draw BESS. Simultaneously filed Response in Opposition to Rogers Draw's Rule 91a Motion to Dismiss","Petition in Intervention — 216th Judicial District Court, Gillespie County (Cause No. 25-18363)",https://www.gillespiecounty.gov/DocumentCenter/View/1924
Gillespie County — Rogers Draw,2025-12-09,Gillespie County Commissioners Court,Voted to take action on two energy projects. County announced it would file petition of intervention against Peregrine Energy (confirmed the Nov 26 filing). Residents packed meeting to voice concerns. Evidence of new LCRA utility pole construction found at Harper site,Commissioner's Court meeting,https://jambroadcasting.com/gillespie-county-commissioners-taking-action-on-two-energy-projects/
Gillespie County — Rogers Draw,2025-12-11,Gillespie County,"Issued Stop Work Order to Rogers Draw Energy Storage LLC for the Rogers Draw BESS project in Harper, Texas",Stop Work Order,https://www.gillespiecounty.gov/1372/Gillespie-County-BESS-Information
Gillespie County — Rogers Draw,2025-12-22,Rogers Draw Energy Storage LLC,"Filed countersuit against Gillespie County in 216th Judicial District Court, claiming the county had initially approved the project and reversed course after citizen pressure. Sought dismissal of county's intervention",Counterclaim — 216th Judicial District Court,https://fightbesstexas.org/peregrine-files-countersuit-against-gillespie-county/
Gillespie County — Rogers Draw,2026-01-14,216th District Court Judge Albert Patillo / All parties,Agreed temporary injunction signed halting all construction activities on the Rogers Draw BESS project at Harper until final judgment. Trial date to be set,Agreed Temporary Injunction — 216th Judicial District Court,https://www.fredericksburgstandard.com/2026/01/14/harper-bess-gets-temporary-injunction-trial-date-set/
,,,,,
"--- CASE 3: Katy BESS Denial — Vesper Energy / Ochoa Energy Storage, Katy, TX (Harris County area) ---",,,,,
Katy — Ochoa,2024-08 (exact date unknown),Vesper Energy / Ochoa Energy Storage LLC,"Applied for Special Use Permit (SUP) to build Ochoa Energy Storage (500MW BESS) on approximately 24-acre property at 27051 Highway Blvd, Katy, TX. Holds two ERCOT queue positions (Ochoa I & II) representing 750MW cumulative capacity",Special Use Permit application — City of Katy zoning ordinance,https://communityimpact.com/houston/katy-north/government/2024/10/15/katy-city-council-denies-permit-for-energy-storage-facility-amid-community-pushback/
Katy — Ochoa,2024-09-10,City of Katy Planning and Zoning Committee,Recommended approval of the Special Use Permit for Ochoa Energy Storage,Planning and Zoning Committee recommendation,https://www.ess-news.com/2024/10/29/texan-councillor-warns-blackouts-will-happen-after-city-rejects-application-for-battery-on-fire-safety-fears/
Katy — Ochoa,2024-09 (exact date unknown),Vesper Energy (Community Affairs Manager Alex Rohr),"Held ""lunch and learn"" community session for local residents to provide details on Ochoa project and energy storage industry",Community outreach session,https://www.energy-storage.news/texas-citys-council-rejects-developer-vesper-energys-500mw-battery-storage-proposal/
Katy — Ochoa,2024-10-14,Katy City Council,"Unanimously denied Special Use Permit for Ochoa Energy Storage after public hearing with multiple residents voicing opposition. Overrode Planning and Zoning Committee recommendation. Motion by Councilmember Dan Smith, seconded by Councilmember Janet Corte. Concerns cited: fire safety, proximity to Katy High School and Katy ISD Outdoor Learning Center, residential areas, Falcon Point Apartments",Denial of Special Use Permit — City of Katy zoning authority,"https://katytimes.com/stories/city-council-denies-special-use-permit-for-proposed-battery-storage-system,90479"
Katy — Ochoa,2024-10-24,Katy citizens / Katy City Council,Citizens expressed continued opposition at city council meeting. Mayor Pro Tem Chris Harris cited proximity to schools and residential areas,City Council meeting — public comment,https://coveringkaty.com/news/katy/power-company-requests-order-against-city-of-katy/
Katy — Ochoa,2025-10-21,Ochoa Energy Storage LLC,"Filed appeal and application for declaratory order with Texas Public Utility Commission (PUC Docket No. 58859, SOAH Docket No. 473-26-07508). Argued City of Katy's zoning actions exceed regulatory authority under Public Utility Regulatory Act (PURA). Requested PUC declare city ordinances ""null and void."" Moved for immediate referral to State Office of Administrative Hearings (SOAH)","Appeal and Application for Declaratory Order — Texas PUC; PURA §39.001(c)(d), §39.151",https://interchange.puc.texas.gov/Documents/58859_23_1566067.PDF
Katy — Ochoa,2025-11 (exact date unknown),City of Katy,"Filed response to Ochoa's PUC appeal, arguing city ordinances do not interfere with PUC or ERCOT jurisdiction and do not conflict with state authority under PURA",Response to Appeal — Texas PUC Docket No. 58859,https://interchange.puc.texas.gov/Documents/58859_8_1555830.PDF
Katy — Ochoa,2025-12 (exact date unknown),ERCOT,"Filed with PUC stating direct interest in the outcome of the case, asserting city's denial affects grid authority. PUC decision delayed",Intervention / Statement of Interest — Texas PUC Docket No. 58859,https://www.click2houston.com/news/local/2025/12/08/katy-battery-plant-decision-delayed-ercot-says-citys-denial-affects-grid-authority/
Katy — Ochoa,2026 (procedural schedule adopted),Texas PUC / SOAH,"Procedural schedule set: Ochoa direct testimony April 10, 2026; City direct testimony May 15, 2026; Staff and ERCOT testimony June 1, 2026; Cross-rebuttal July 6, 2026; Hearing on the Merits August 4-5, 2026",Procedural Schedule — PUC Docket No. 58859 / SOAH Docket No. 473-26-07508,https://interchange.puc.texas.gov/Documents/58859_26_1582894.PDF
,,,,,
"--- CASE 4: Ampyr Energy USA / Marshall Springs Solar and BESS, Willow City, Gillespie County, TX ---",,,,,
Gillespie County — Marshall Springs,2025 (exact date unknown),AMPYR Energy USA,"Proposed Marshall Springs Solar Complex and Battery Energy Storage System (~1,100 acres, 150MW solar + 150MW BESS) near Willow City in Gillespie County, TX. AMPYR described as an Indonesian energy investment company with no history of completed projects in Texas or the US",Project proposal / ERCOT interconnection queue,"https://www.hillcountryfocus.com/article/2152,texas-officials-hear-citizen-concerns-over-foreign-owned-solar-bess-site-near-historic-fredericksburg"
Gillespie County — Marshall Springs,2025-08 (exact date unknown),Gillespie County Engineer,Communicated in writing to AMPYR Energy that the Gillespie County Flood Damage Prevention Ordinance applies to the proposed Marshall Springs project,Written notice — Gillespie County Flood Damage Prevention Ordinance,https://www.gillespiecounty.gov/DocumentCenter/View/1933
Gillespie County — Marshall Springs,2025-11-03,Gillespie County Commissioners Court,"Passed resolution opposing Solar and BESS projects, specifically targeting the proposed Marshall Springs project. Required Marshall Springs Solar Farm and BESS documentation",County resolution (Commissioners Court),https://www.gillespiecounty.gov/DocumentCenter/View/1654
Gillespie County — Marshall Springs,2025-11-25 (approximate),U.S. Representative Chip Roy (TX-21),"Sent letter to AMPYR Energy pressing for answers regarding the proposed 1,000-acre BESS and solar facility, citing concerns about Hill Country landscape, drought, wildfire, flash flooding risk, volunteer fire department capacity, and proximity to rural residences",Congressional inquiry letter,https://roy.house.gov/media/press-releases/rep-roy-pushes-answers-ampyr-energy-proposed-energy-storage-and-solar-facility
Gillespie County — Marshall Springs,2025-12-01,Gillespie County,Sent formal Notice of Applicability of Gillespie County Flood Damage Prevention Ordinance to the proposed Marshall Springs Solar Complex and Battery Energy Storage System Project,Formal notice — Gillespie County Flood Damage Prevention Ordinance,https://www.gillespiecounty.gov/DocumentCenter/View/1933
Gillespie County — Marshall Springs,2025-12-09,Gillespie County Commissioners Court / Gillespie County residents,Residents packed commissioners court meeting to voice continued concerns with both the Marshall Springs and Rogers Draw projects,Commissioner's Court meeting — public comment,https://www.mysanantonio.com/news/hill-country/article/gillespie-county-solar-battery-projects-21230815.php
Gillespie County — Marshall Springs,2025-12 (exact date unknown),Concerned citizens of Gillespie County,"Held information meeting with senior representatives of federal, state, county, and city officials. Attendees included aides to U.S. Senator John Cornyn, U.S. Senator Ted Cruz, U.S. Rep. Chip Roy, Texas Senator Pete Flores, and Texas Representative Ellen Troxclair",Citizen-organized informational meeting with elected officials,"https://www.hillcountryfocus.com/article/2152,texas-officials-hear-citizen-concerns-over-foreign-owned-solar-bess-site-near-historic-fredericksburg"
Gillespie County — Marshall Springs,2026-01-28,AMPYR Energy USA,"Signed ERCOT interconnection agreement for 150MW Marshall Springs Solar project in Gillespie County, advancing the development despite local opposition",ERCOT Interconnection Agreement,https://cleanview.co/news/solar/ampyr-energy-signs-interconnection-agreement-for-150-mw-marshall-springs-solar-20260128
Gillespie County — Marshall Springs,2026-02-05,U.S. Representative Chip Roy (TX-21),"Sent follow-up letter to AMPYR Energy renewing pressure, requesting answers on Chinese components and funding sources, environmental risks, and community impact",Congressional follow-up inquiry letter,https://roy.house.gov/media/press-releases/rep-roy-renews-pressure-ampyr-energy-proposed-bess-and-solar-facility
Gillespie County — Marshall Springs,2026-03-11,Gillespie County,"Filed lawsuit (Case No. 26-18599) against Marshall Springs Storage LLC, Marshall Springs Solar LLC, and Ampyr Energy USA LLC in Gillespie County District Court",Lawsuit filing — Gillespie County District Court,https://www.law.com/radar/card/wn-texas-gillespie-1626169-gillespie-county-texas-v-marshall-springs-storage-llc-marshall-springs-solar-llc-and-ampyr-energy-usa-llc